t,g,r
1,0.0026367831245880024,0.002636783124588038
2,0.0065919578114700065,0.0065919578114700395
3,0.012524719841793012,0.012304987914743992
4,0.014722039112283015,0.014502307185234042
5,0.023731048121292023,0.02329158426719402
6,0.027246758954076026,0.026587563172928985
7,0.03317952098439903,0.032080861349154
8,0.035596572181938034,0.03361898483849701
9,0.03911228301472204,0.03559657218193801
10,0.04680290046143705,0.04262799384750604
11,0.05119753900241705,0.04658316853438804
12,0.05185673478356405,0.04724236431553508
13,0.05295539441880905,0.04768182816963307
14,0.053614590199956055,0.04768182816963307
15,0.05471324983520105,0.04878048780487809
16,0.05603164139749506,0.04900021973192703
17,0.057130301032740055,0.04900021973192703
18,0.05778949681388706,0.04900021973192703
19,0.05844869259503406,0.04921995165897608
20,0.05888815644913206,0.04943968358602502
21,0.06174467150076906,0.05075807514831909
22,0.06789716545814106,0.05493298176225003
23,0.07053394858272907,0.05625137332454411
24,0.07536805097780708,0.058448692595034046
25,0.07646671061305207,0.058668424522083096
26,0.08239947264337508,0.06240386728191605
27,0.08547571962206109,0.0646011865524061
28,0.08635464733025709,0.06526038233355302
29,0.08679411118435508,0.06569984618765101
30,0.08745330696550209,0.06569984618765101
31,0.08811250274664909,0.06613931004174911
32,0.0887716985277961,0.06635904196879805
33,0.09009009009009009,0.06701823774994509
34,0.0922874093605801,0.0685563612392881
35,0.0942649967040211,0.06987475280158206
36,0.0966820479015601,0.07163260821797413
37,0.10876730388925511,0.08196000878927712
38,0.11491979784662712,0.0867941111843551
39,0.12326961107448912,0.09294660514172715
40,0.13008130081300814,0.09580312019336412
41,0.13205888815644914,0.09646231597451105
42,0.14458360799824213,0.10547132498352008
43,0.14480333992529115,0.10547132498352008
44,0.14590199956053615,0.10613052076466711
45,0.14612173148758514,0.10613052076466711
46,0.14656119534168316,0.10613052076466711
47,0.14678092726873215,0.10613052076466711
48,0.14765985497692816,0.10635025269171605
49,0.14831905075807514,0.1065699846187651
50,0.14875851461217315,0.1065699846187651
51,0.14963744232036916,0.1065699846187651
52,0.15051637002856516,0.10678971654581415
53,0.15161502966381016,0.10678971654581415
54,0.15425181278839814,0.10788837618105906
55,0.17292902658756318,0.12107229180399914
56,0.17776312898264118,0.12436827070973411
57,0.17798286090969018,0.12436827070973411
58,0.1795209843990332,0.1248077345638321
59,0.17974071632608218,0.12502746649088115
60,0.18303669523181718,0.12722478576137108
61,0.18699186991869918,0.12942210503186113
62,0.19094704460558118,0.13183915622940012
63,0.2032520325203252,0.14128762909250714
64,0.2080861349154032,0.1445836079982421
65,0.2087453306965502,0.1445836079982421
66,0.2091847945506482,0.1445836079982421
67,0.20940452647769722,0.1445836079982421
68,0.20962425840474622,0.1445836079982421
69,0.2098439903317952,0.1445836079982421
70,0.2098439903317952,0.1445836079982421
71,0.2098439903317952,0.1445836079982421
72,0.22039112283014722,0.1513952977367612
73,0.22544495715227422,0.1533728850802022
74,0.23445396616128322,0.15776752362118218
75,0.25532849923093826,0.17205009887936717
76,0.2564271588661833,0.17248956273346516
77,0.25774555042847724,0.17336849044166114
78,0.25796528235552624,0.17336849044166114
79,0.25818501428257523,0.17336849044166114
80,0.2586244781366733,0.1735882223687102
81,0.25906394199077126,0.1735882223687102
82,0.25928367391782026,0.1735882223687102
83,0.25972313777191824,0.17380795429575913
84,0.26148099318831025,0.17446715007690616
85,0.2702702702702703,0.17930125247198414
86,0.2724675895407603,0.18083937596132715
87,0.2759833003735443,0.18281696330476815
88,0.2911448033399253,0.19006811689738523
89,0.2913645352669743,0.19006811689738523
90,0.2913645352669743,0.19006811689738523
91,0.2918039991210723,0.19028784882443417
92,0.2918039991210723,0.19028784882443417
93,0.2920237310481213,0.19028784882443417
94,0.2920237310481213,0.19028784882443417
95,0.2966381015161503,0.19204570424082623
96,0.2981762250054933,0.1929246319490222
97,0.3117996044825313,0.19973632168754119
98,0.3148758514612173,0.20105471324983515
99,0.3150955833882663,0.20105471324983515
100,0.3155350472423643,0.2012744451768842
101,0.3157547791694133,0.2012744451768842
102,0.3157547791694133,0.2012744451768842
103,0.3232256646890793,0.20413096022852117
104,0.32674137552186333,0.20610854757196218
105,0.33465172489562733,0.20984399033179524
106,0.3353109206767743,0.21028345418589323
107,0.34014502307185235,0.2116018457481872
108,0.35464733025708634,0.21819380355965723
109,0.35662491760052734,0.21863326741375522
110,0.35684464952757633,0.21863326741375522
111,0.3572841133816744,0.21863326741375522
112,0.35750384530872337,0.21863326741375522
113,0.35772357723577236,0.21863326741375522
114,0.35772357723577236,0.21863326741375522
115,0.35816304108987035,0.21885299934080427
116,0.35816304108987035,0.21885299934080427
117,0.36014062843331135,0.21885299934080427
118,0.36805097780707535,0.22236871017358817
119,0.3684904416611734,0.22258844210063722
120,0.3689299055152714,0.22258844210063722
121,0.3689299055152714,0.22258844210063722
122,0.37024829707756535,0.22258844210063722
123,0.3783783783783784,0.22588442100637218
124,0.3860689958250934,0.22983959569325418
125,0.3871676554603384,0.23027905954735228
126,0.3880465831685344,0.23049879147440122
127,0.3887057789496814,0.23049879147440122
128,0.3891452428037794,0.23049879147440122
129,0.3900241705119754,0.23071852340145027
130,0.3906833662931224,0.2309382553284992
131,0.3913425620742694,0.2309382553284992
132,0.39156229400131837,0.2309382553284992
133,0.3917820259283674,0.2309382553284992
134,0.3922214897824654,0.2309382553284992
135,0.3926609536365634,0.23115798725554826
136,0.3950780048341024,0.23203691496374423
137,0.3961766644693474,0.23203691496374423
138,0.3970555921775434,0.23225664689079328
139,0.3983739837398374,0.23225664689079328
140,0.3996923753021314,0.23225664689079328
141,0.3996923753021314,0.23225664689079328
142,0.4010107668644254,0.23225664689079328
143,0.4023291584267194,0.23269611074489127
144,0.4025488903537684,0.23269611074489127
145,0.4141946824873654,0.23818940892111629
146,0.42935618545374643,0.24653922214897828
147,0.43045484508899146,0.24697868600307626
148,0.4315535047242364,0.24697868600307626
149,0.4319929685783344,0.24697868600307626
150,0.43243243243243246,0.24697868600307626
151,0.43309162821357944,0.24697868600307626
152,0.4341902878488244,0.24697868600307626
153,0.43528894748406943,0.24697868600307626
154,0.4359481432652164,0.2471984179301252
155,0.43682707097341245,0.2471984179301252
156,0.43814546253570646,0.2471984179301252
157,0.43880465831685345,0.24741814985717425
158,0.43880465831685345,0.24741814985717425
159,0.43880465831685345,0.24741814985717425
160,0.43902439024390244,0.2476378817842233
161,0.43946385409800043,0.2476378817842233
162,0.4396835860250494,0.2476378817842233
163,0.4396835860250494,0.2476378817842233
164,0.4396835860250494,0.2476378817842233
165,0.44341902878488243,0.2480773456383213
166,0.4456163480553724,0.24895627334651727
167,0.46846846846846846,0.2595034058448693
168,0.4737420347176445,0.2614809931883103
169,0.47418149857174247,0.2614809931883103
170,0.47418149857174247,0.2614809931883103
171,0.47440123049879146,0.2614809931883103
172,0.47440123049879146,0.2614809931883103
173,0.47637881784223246,0.26170072511535925
174,0.4867062184135355,0.2645572401669962
175,0.4884640738299275,0.26477697209404527
176,0.5003295978905735,0.26807295099978024
177,0.5012085255987695,0.2682926829268293
178,0.5020874533069655,0.2682926829268293
179,0.5025269171610635,0.2682926829268293
180,0.5027466490881125,0.2682926829268293
181,0.5119753900241705,0.2709294660514173
182,0.5225225225225225,0.2744451768842012
183,0.5343880465831685,0.27796088771698524
184,0.5348275104372665,0.27796088771698524
185,0.5350472423643156,0.27796088771698524
186,0.5357064381454625,0.2781806196440343
187,0.5359261700725115,0.2781806196440343
188,0.5438365194462755,0.27993847506042624
189,0.5515271368929906,0.28301472203911227
190,0.5568007031421666,0.28433311360140634
191,0.5706438145462536,0.28872775214238633
192,0.5792133597011646,0.29224346297517034
193,0.5818501428257525,0.2935618545374643
194,0.5820698747528016,0.2935618545374643
195,0.5825093386068996,0.2935618545374643
196,0.5827290705339486,0.2935618545374643
197,0.5833882663150955,0.29378158646451324
198,0.5838277301691935,0.29378158646451324
199,0.5840474620962426,0.29378158646451324
200,0.5858053175126345,0.29422105031861134
201,0.5908591518347616,0.2959789057350033
202,0.5926170072511536,0.2964183695891013
203,0.5932762030323006,0.29663810151615033
204,0.5937156668863985,0.29663810151615033
205,0.5943748626675456,0.29663810151615033
206,0.5948143265216436,0.29663810151615033
207,0.6011865524060646,0.29861568885959133
208,0.6086574379257306,0.30081300813008127
209,0.6093166337068776,0.30081300813008127
210,0.6104152933421226,0.3010327400571303
211,0.6112942210503186,0.3010327400571303
212,0.6119534168314656,0.3010327400571303
213,0.6123928806855636,0.30125247198417926
214,0.6249176005273567,0.3054273785981103
215,0.6253570643814547,0.3054273785981103
216,0.6264557240166996,0.3054273785981103
217,0.6271149197978466,0.3054273785981103
218,0.6275543836519446,0.30564711052515936
219,0.6277741155789937,0.30564711052515936
220,0.6277741155789937,0.30564711052515936
221,0.6279938475060426,0.30564711052515936
222,0.6282135794330916,0.30564711052515936
223,0.6304108987035816,0.3058668424522083
224,0.6359041968798066,0.3069655020874533
225,0.6418369589101296,0.3098220171390903
226,0.6429356185453746,0.31004174906613935
227,0.6438145462535706,0.31004174906613935
228,0.6440342781806196,0.31004174906613935
229,0.6440342781806196,0.31004174906613935
230,0.6484289167215996,0.3107009448472863
231,0.6490881125027467,0.3107009448472863
232,0.6499670402109426,0.3107009448472863
233,0.6523840914084816,0.3109206767743353
234,0.6585365853658537,0.3117996044825313
235,0.6589760492199517,0.3117996044825313
236,0.6591957811470006,0.3117996044825313
237,0.6594155130740497,0.3117996044825313
238,0.6594155130740497,0.3117996044825313
239,0.6594155130740497,0.3117996044825313
240,0.6594155130740497,0.3117996044825313
241,0.6596352450010987,0.3117996044825313
242,0.6596352450010987,0.3117996044825313
243,0.6596352450010987,0.3117996044825313
244,0.6609536365633927,0.3122390683366293
245,0.6666666666666666,0.31311799604482526
246,0.6682047901560096,0.3133377279718743
247,0.6690837178642056,0.3133377279718743
248,0.6706218413535486,0.3133377279718743
249,0.6715007690617447,0.31355745989892336
250,0.6728191606240387,0.31399692375302135
251,0.6736980883322347,0.31399692375302135
252,0.6739178202592837,0.31399692375302135
253,0.6743572841133817,0.31399692375302135
254,0.6875411997363217,0.3186112942210503
255,0.6877609316633707,0.3186112942210503
256,0.6877609316633707,0.3186112942210503
257,0.6877609316633707,0.3186112942210503
258,0.6877609316633707,0.3186112942210503
259,0.6877609316633707,0.3186112942210503
260,0.6877609316633707,0.3186112942210503
261,0.6925950340584487,0.3201494177103933
262,0.6928147659854977,0.32036914963744234
263,0.6932542298395957,0.3205888815644913
264,0.6934739617666447,0.3205888815644913
265,0.6947923533289387,0.32080861349154033
266,0.6989672599428697,0.32146780927268737
267,0.6998461876510657,0.32146780927268737
268,0.7007251153592617,0.3216875411997363
269,0.7020435069215557,0.3221270050538343
270,0.7101735882223688,0.32388486047022635
271,0.7101735882223688,0.32388486047022635
272,0.7103933201494177,0.32388486047022635
273,0.7110525159305647,0.32432432432432434
274,0.7114919797846627,0.32432432432432434
275,0.7174247418149857,0.3256427158866183
276,0.7231377719182597,0.3269611074489124
277,0.7363216875411998,0.33267413755218633
278,0.7453306965502088,0.33421226104152935
279,0.7552186332674138,0.33728850802021537
280,0.7593935398813447,0.3388266315095584
281,0.7622500549329818,0.33970555921775436
282,0.7626895187870798,0.33970555921775436
283,0.7640079103493738,0.3399252911448033
284,0.7651065699846188,0.3399252911448033
285,0.7692814765985497,0.3403647549989013
286,0.7756537024829708,0.3414634146341463
287,0.7785102175346078,0.3419028784882443
288,0.7835640518567348,0.3432212700505384
289,0.7894968138870578,0.34410019775873435
290,0.7965282355526258,0.34607778510217535
291,0.8004834102395078,0.3471764447374204
292,0.8015820698747528,0.3471764447374204
293,0.8020215337288508,0.3471764447374204
294,0.8026807295099978,0.3471764447374204
295,0.8042188529993408,0.34761590859151836
296,0.8072950999780268,0.34849483629971434
297,0.8090529553944188,0.3487145682267634
298,0.8094924192485168,0.3487145682267634
299,0.8097121511755658,0.3487145682267634
300,0.8110305427378598,0.3487145682267634
301,0.8209184794550648,0.3511316194243024
302,0.8330037354427599,0.35398813447593935
303,0.8349813227862009,0.35442759833003734
304,0.8376181059107889,0.3546473302570864
305,0.8382773016919358,0.3546473302570864
306,0.8431114040870138,0.3550867941111844
307,0.8490441661173368,0.35640518567347834
308,0.8492638980443858,0.35640518567347834
309,0.8494836299714349,0.35640518567347834
310,0.8532190727312678,0.35640518567347834
311,0.8587123709074929,0.35750384530872337
312,0.8635464733025708,0.3590419687980664
313,0.8822236871017359,0.3636563392660954
314,0.8833223467369808,0.3636563392660954
315,0.8837618105910788,0.3636563392660954
316,0.8874972533509119,0.36475499890134033
317,0.8927708196000879,0.3649747308283894
318,0.8929905515271369,0.3649747308283894
319,0.8984838497033619,0.3656339266095364
320,0.9030982201713909,0.36629312239068335
321,0.9037574159525379,0.36629312239068335
322,0.9046363436607339,0.3665128543177324
323,0.9050758075148319,0.36673258624478133
324,0.9105691056910569,0.3684904416611734
325,0.9241924851680949,0.3720061524939574
326,0.9246319490221929,0.3720061524939574
327,0.9250714128762909,0.37222588442100635
328,0.9261700725115359,0.3724456163480554
329,0.9301252471984179,0.3728850802021534
330,0.9305647110525159,0.3728850802021534
331,0.932762030323006,0.3731048121292023
332,0.932762030323006,0.3731048121292023
333,0.933201494177104,0.3731048121292023
334,0.933640958031202,0.3731048121292023
335,0.9345198857393979,0.3731048121292023
336,0.934739617666447,0.3731048121292023
337,0.9349593495934959,0.3731048121292023
338,0.935179081520545,0.3731048121292023
339,0.935179081520545,0.3731048121292023
340,0.9353988134475939,0.3731048121292023
341,0.9358382773016919,0.3731048121292023
342,0.9364974730828389,0.3731048121292023
343,0.937596132718084,0.3731048121292023
344,0.9378158646451329,0.3731048121292023
345,0.9384750604262799,0.3733245440562514
346,0.9384750604262799,0.3733245440562514
347,0.9384750604262799,0.3733245440562514
348,0.9448472863107009,0.37464293561854534
349,0.971874313337728,0.3838716765546034
350,0.979125466930345,0.38562953197099537
351,0.979564930784443,0.38562953197099537
352,0.989233135574599,0.38892551087673044
353,0.993188310261481,0.3898044385849264
354,1.001757855416392,0.39156229400131837
355,1.003295978905735,0.39156229400131837
356,1.011645792133597,0.39288068556361244
357,1.011645792133597,0.39288068556361244
358,1.016040430674577,0.3931004174906614
359,1.023731048121292,0.39397934519885736
360,1.037134695671281,0.3981542518127884
361,1.037134695671281,0.3981542518127884
362,1.040870138431114,0.3985937156668864
363,1.046363436607339,0.39947264337508237
364,1.0588881564491321,0.4025488903537684
365,1.0613052076466711,0.40320808613491543
366,1.0613052076466711,0.40320808613491543
367,1.062623599208965,0.40342781806196437
368,1.0700944847286311,0.4049659415513074
369,1.07031421665568,0.4049659415513074
370,1.070973412436827,0.4049659415513074
371,1.0716326082179741,0.4049659415513074
372,1.075148319050758,0.4054054054054054
373,1.0786640298835422,0.40584486925950336
374,1.07910349373764,0.40584486925950336
375,1.083937596132718,0.4060646011865524
376,1.0856954515491102,0.4065040650406504
377,1.0874533069655021,0.40716326082179743
378,1.0874533069655021,0.40716326082179743
379,1.09009009009009,0.4076027246758954
380,1.093166337068776,0.40782245660294436
381,1.093166337068776,0.40782245660294436
382,1.093386068995825,0.40782245660294436
383,1.0938255328499231,0.40782245660294436
384,1.095803120193364,0.40782245660294436
385,1.10107668644254,0.40826192045704246
386,1.105910788837618,0.4093605800922874
387,1.113161942430235,0.41111843550867944
388,1.118435508679411,0.4115578993627774
389,1.1270050538343221,0.4139749505603164
390,1.1278839815425181,0.4139749505603164
391,1.128762909250714,0.4139749505603164
392,1.12964183695891,0.4139749505603164
393,1.1307404965941552,0.41419468248736546
394,1.131179960448253,0.41419468248736546
395,1.132058888156449,0.41419468248736546
396,1.132058888156449,0.41419468248736546
397,1.1346956712810372,0.4148538782685124
398,1.13843111404087,0.4155130740496594
399,1.1428257525818502,0.41661173368490445
400,1.152493957372006,0.4188090529553944
401,1.1531531531531531,0.4188090529553944
402,1.154251812788398,0.4188090529553944
403,1.154911008569545,0.4188090529553944
404,1.156449132058888,0.41902878488244344
405,1.1579872555482311,0.41902878488244344
406,1.1599648428916722,0.41902878488244344
407,1.1617226983080642,0.41902878488244344
408,1.1632608217974072,0.4194682487365414
409,1.1665568007031422,0.42056690837178645
410,1.170731707317073,0.42056690837178645
411,1.1709514392441223,0.42056690837178645
412,1.1788617886178863,0.4207866402988354
413,1.1861129422105032,0.4214458360799824
414,1.2034717644473742,0.42606020654801147
415,1.2036914963744232,0.42606020654801147
416,1.2056690837178643,0.42606020654801147
417,1.2089650626235993,0.4262799384750604
418,1.2142386288727751,0.4267194023291584
419,1.2219292463194902,0.42737859811030543
420,1.2225884421006372,0.42737859811030543
421,1.2276422764227641,0.4278180619644034
422,1.2331355745989891,0.42847725774555045
423,1.2340145023071851,0.42847725774555045
424,1.2392880685563612,0.4286969896725994
425,1.2480773456383212,0.4302351131619424
426,1.2485168094924193,0.4302351131619424
427,1.2691716106350253,0.4341902878488244
428,1.2713689299055153,0.43441001977587346
429,1.2722478576137113,0.43441001977587346
430,1.2729070533948583,0.43441001977587346
431,1.2731267853219073,0.43441001977587346
432,1.2733465172489562,0.43441001977587346
433,1.2757635684464952,0.43441001977587346
434,1.2847725774555043,0.4361678751922654
435,1.2854317732366514,0.4361678751922654
436,1.2869698967259944,0.43638760711931446
437,1.2898264117776312,0.4370468029004614
438,1.2904856075587783,0.4370468029004614
439,1.2911448033399253,0.4370468029004614
440,1.2920237310481213,0.4370468029004614
441,1.2926829268292683,0.4370468029004614
442,1.2933421226104154,0.4370468029004614
443,1.2940013183915622,0.4370468029004614
444,1.2948802460997584,0.4370468029004614
445,1.2955394418809052,0.4370468029004614
446,1.2957591738079544,0.4370468029004614
447,1.2961986376620522,0.4370468029004614
448,1.2964183695891014,0.4370468029004614
449,1.2968578334431993,0.43726653482751043
450,1.2970775653702482,0.43726653482751043
451,1.2970775653702482,0.43726653482751043
452,1.3010327400571302,0.4374862667545595
453,1.3087233575038453,0.4381454625357064
454,1.3093825532849923,0.4381454625357064
455,1.3096022852120413,0.4381454625357064
456,1.3100417490661393,0.4381454625357064
457,1.3188310261480993,0.43924412217095143
458,1.3214678092726873,0.43924412217095143
459,1.3302570863546472,0.44122170951439244
460,1.3405844869259504,0.4429795649307845
461,1.3531092067677433,0.4453966161283235
462,1.3531092067677433,0.4453966161283235
463,1.3531092067677433,0.4453966161283235
464,1.3531092067677433,0.4453966161283235
465,1.3684904416611734,0.44913205888815644
466,1.3742034717644473,0.4493517908152055
467,1.3746429356185454,0.4493517908152055
468,1.3757415952537904,0.4495715227422544
469,1.3764007910349374,0.4497912546693035
470,1.3768402548890353,0.4497912546693035
471,1.3772797187431334,0.4497912546693035
472,1.3777191825972315,0.4497912546693035
473,1.3803559657218194,0.4497912546693035
474,1.3803559657218194,0.4497912546693035
475,1.3810151615029664,0.4497912546693035
476,1.3812348934300154,0.4497912546693035
477,1.3818940892111624,0.4497912546693035
478,1.3821138211382114,0.4497912546693035
479,1.3880465831685345,0.45023071852340146
480,1.3893649747308283,0.45023071852340146
481,1.4001318391562294,0.45220830586684246
482,1.4069435288947485,0.4539661612832344
483,1.4135354867062184,0.45462535706438145
484,1.4146341463414633,0.45506482091847944
485,1.4155130740496593,0.45506482091847944
486,1.4159525379037574,0.45506482091847944
487,1.4166117336849045,0.45506482091847944
488,1.4249615469127663,0.45704240826192044
489,1.4291364535266975,0.4583607998242144
490,1.4311140408701384,0.4583607998242144
491,1.4322127005053835,0.45858053175126345
492,1.4328718962865303,0.45858053175126345
493,1.4344100197758733,0.4588002636783125
494,1.4366073390463634,0.45901999560536144
495,1.4484728631070094,0.46055811909470445
496,1.4535266974291365,0.4618765106569984
497,1.4559437486266755,0.4618765106569984
498,1.4607778510217535,0.46209624258404747
499,1.4680290046143705,0.4623159745110965
500,1.4812129202373105,0.4638540980004394
501,1.4820918479455065,0.4638540980004394
502,1.4825313117996044,0.4638540980004394
503,1.4825313117996044,0.4638540980004394
504,1.4825313117996044,0.4638540980004394
505,1.4849483629971434,0.4638540980004394
506,1.4902219292463195,0.4638540980004394
507,1.4913205888815646,0.46407382992748847
508,1.4915403208086135,0.46407382992748847
509,1.5018677213799165,0.4651724895627335
510,1.5190068116897386,0.46736980883322343
511,1.5319709953856295,0.4702263238848605
512,1.5321907273126785,0.4702263238848605
513,1.5321907273126785,0.4702263238848605
514,1.5324104592397276,0.4702263238848605
515,1.5328499230938255,0.4702263238848605
516,1.5346077785102175,0.47044605581190946
517,1.5385629531970995,0.4715447154471545
518,1.5486706218413535,0.47286310700944845
519,1.5486706218413535,0.47286310700944845
520,1.5513074049659417,0.47286310700944845
521,1.5574598989233135,0.4737420347176444
522,1.5636123928806855,0.47440123049879146
523,1.5682267633487146,0.47484069435288945
524,1.5684464952757635,0.47484069435288945
525,1.5686662272028127,0.47484069435288945
526,1.5739397934519885,0.4759393539881345
527,1.5882223687101735,0.4790156009668205
528,1.5893210283454187,0.4790156009668205
529,1.5899802241265657,0.4794550648209185
530,1.5904196879806636,0.4794550648209185
531,1.5904196879806636,0.4794550648209185
532,1.5910788837618106,0.4794550648209185
533,1.5915183476159085,0.4794550648209185
534,1.5943748626675456,0.4798945286750165
535,1.5994286969896725,0.4805537244561635
536,1.6049219951658975,0.4814326521643595
537,1.6084377059986816,0.48165238409140854
538,1.6086574379257306,0.48165238409140854
539,1.6090969017798287,0.48165238409140854
540,1.6095363656339265,0.48165238409140854
541,1.6095363656339265,0.48165238409140854
542,1.6095363656339265,0.48165238409140854
543,1.6145901999560537,0.4818721160184575
544,1.6167875192265435,0.4820918479455065
545,1.6220610854757196,0.4825313117996045
546,1.6253570643814546,0.4825313117996045
547,1.6275543836519446,0.4829707756537025
548,1.6275543836519446,0.4829707756537025
549,1.6326082179740717,0.4834102395078005
550,1.6405185673478357,0.4840694352889475
551,1.6457921335970116,0.4849483629971435
552,1.6512854317732366,0.48560755877829054
553,1.6578773895847068,0.48626675455943746
554,1.6602944407822458,0.48626675455943746
555,1.6607339046363436,0.48626675455943746
556,1.6609536365633926,0.48626675455943746
557,1.6611733684904417,0.48626675455943746
558,1.6638101516150297,0.4864864864864865
559,1.6851241485387827,0.48824434190287846
560,1.6855636123928808,0.48824434190287846
561,1.6860030762469786,0.4884640738299275
562,1.6934739617666448,0.48912326961107444
563,1.7055592177543397,0.4900021973192705
564,1.7070973412436827,0.4900021973192705
565,1.7073170731707317,0.4900021973192705
566,1.7075368050977806,0.4900021973192705
567,1.7086354647330257,0.4900021973192705
568,1.7119314436387607,0.49022192924631947
569,1.7158866183256427,0.4904416611733685
570,1.7222588442100637,0.4913205888815645
571,1.7312678532190728,0.49219951658976047
572,1.7330257086354648,0.49219951658976047
573,1.7334651724895627,0.49219951658976047
574,1.7336849044166118,0.49219951658976047
575,1.7339046363436608,0.49219951658976047
576,1.7367611513952976,0.49219951658976047
577,1.7398373983739837,0.49219951658976047
578,1.7459898923313557,0.49263898044385845
579,1.7479674796747968,0.49263898044385845
580,1.7534607778510218,0.49263898044385845
581,1.7589540760272468,0.49307844429795644
582,1.7730169193583827,0.49593495934959353
583,1.7888376181059107,0.4976928147659855
584,1.7888376181059107,0.4976928147659855
585,1.7925730608657438,0.4983520105471325
586,1.7987255548231158,0.4987914744012305
587,1.807075368050978,0.5003295978905735
588,1.8169633047681828,0.5018677213799165
589,1.8233355306526038,0.5020874533069655
590,1.8343221270050538,0.5031861129422105
591,1.8345418589321028,0.5031861129422105
592,1.834761590859152,0.5031861129422105
593,1.8369589101296417,0.5031861129422105
594,1.83959569325423,0.5036255767963085
595,1.845748187211602,0.5045045045045045
596,1.851241485387827,0.5047242364315535
597,1.856954515491101,0.5049439683586026
598,1.857613711272248,0.5049439683586026
599,1.858492638980444,0.5049439683586026
600,1.85937156668864,0.5049439683586026
601,1.8677213799165018,0.5056031641397495
602,1.868600307624698,0.5056031641397495
603,1.882223687101736,0.5067018237749945
604,1.882882882882883,0.5067018237749945
605,1.8833223467369808,0.5069215557020434
606,1.8833223467369808,0.5069215557020434
607,1.8936497473082838,0.5080202153372886
608,1.8943089430894309,0.5080202153372886
609,1.894748406943529,0.5080202153372886
610,1.894968138870578,0.5080202153372886
611,1.8954076027246758,0.5080202153372886
612,1.8958470665787739,0.5080202153372886
613,1.896286530432872,0.5080202153372886
614,1.898703581630411,0.5080202153372886
615,1.9055152713689298,0.5086794111184355
616,1.9070533948582729,0.5086794111184355
617,1.90771259063942,0.5086794111184355
618,1.9088112502746648,0.5088991430454846
619,1.909250714128763,0.5088991430454846
620,1.9094704460558118,0.5088991430454846
621,1.909690177982861,0.5088991430454846
622,1.909690177982861,0.5088991430454846
623,1.914524280377939,0.5088991430454846
624,1.915183476159086,0.5091188749725335
625,1.915403208086135,0.5091188749725335
626,1.916062403867282,0.5093386068995824
627,1.9219951658976049,0.5095583388266315
628,1.924851680949242,0.5095583388266315
629,1.926609536365634,0.5095583388266315
630,1.927049000219732,0.5095583388266315
631,1.9292463194902219,0.5095583388266315
632,1.931004174906614,0.5095583388266315
633,1.937815864645133,0.5097780707536805
634,1.94946165677873,0.5106569984618765
635,1.953197099538563,0.5110964623159745
636,1.953416831465612,0.5110964623159745
637,1.953416831465612,0.5110964623159745
638,1.966161283234454,0.5143924412217096
639,1.981542518127884,0.5154911008569545
640,1.98901340364755,0.5163700285651505
641,1.989233135574599,0.5163700285651505
642,1.989672599428697,0.5163700285651505
643,1.989672599428697,0.5163700285651505
644,1.989672599428697,0.5163700285651505
645,1.989672599428697,0.5163700285651505
646,1.989672599428697,0.5163700285651505
647,1.99560536145902,0.5168094924192486
648,2.005273566249176,0.5183476159085916
649,2.012524719841793,0.5185673478356405
650,2.01318391562294,0.5185673478356405
651,2.01318391562294,0.5185673478356405
652,2.01318391562294,0.5185673478356405
653,2.013403647549989,0.5185673478356405
654,2.022192924631949,0.5196660074708855
655,2.042627993847506,0.5229619863766205
656,2.0459239727532412,0.5231817183036696
657,2.047022632388486,0.5231817183036696
658,2.047022632388486,0.5231817183036696
659,2.047022632388486,0.5231817183036696
660,2.051637002856515,0.5234014502307185
661,2.052296198637662,0.5234014502307185
662,2.05273566249176,0.5234014502307185
663,2.053394858272907,0.5234014502307185
664,2.054054054054054,0.5234014502307185
665,2.056471105251593,0.5236211821577675
666,2.056690837178642,0.5236211821577675
667,2.05713030103274,0.5236211821577675
668,2.057350032959789,0.5236211821577675
669,2.057350032959789,0.5236211821577675
670,2.059547352230279,0.5238409140848166
671,2.065260382333553,0.5240606460118655
672,2.066139310041749,0.5240606460118655
673,2.066139310041749,0.5240606460118655
674,2.078883761810591,0.5269171610635025
675,2.084816523840914,0.5271368929905516
676,2.0885519666007473,0.5277960887716986
677,2.089430894308943,0.5277960887716986
678,2.089870358163041,0.5277960887716986
679,2.09009009009009,0.5277960887716986
680,2.0909690177982863,0.5277960887716986
681,2.091188749725335,0.5277960887716986
682,2.091408481652384,0.5277960887716986
683,2.0916282135794333,0.5277960887716986
684,2.0933860689958252,0.5280158206987475
685,2.100856954515491,0.5284552845528455
686,2.102395078004834,0.5284552845528455
687,2.103054273785981,0.5284552845528455
688,2.103493737640079,0.5284552845528455
689,2.103493737640079,0.5284552845528455
690,2.1037134695671282,0.5284552845528455
691,2.104152933421226,0.5284552845528455
692,2.104592397275324,0.5284552845528455
693,2.104592397275324,0.5284552845528455
694,2.105910788837618,0.5284552845528455
695,2.1116238189408922,0.5286750164798946
696,2.122830147220391,0.5299934080421885
697,2.122830147220391,0.5299934080421885
698,2.124807734563832,0.5299934080421885
699,2.127883981542518,0.5304328718962865
700,2.12964183695891,0.5306526038233355
701,2.130740496594155,0.5306526038233355
702,2.131619424302351,0.5306526038233355
703,2.132498352010547,0.5306526038233355
704,2.133157547791694,0.5306526038233355
705,2.13403647549989,0.5306526038233355
706,2.134695671281037,0.5306526038233355
707,2.135794330916282,0.5306526038233355
708,2.1360140628433313,0.5306526038233355
709,2.1360140628433313,0.5306526038233355
710,2.1366732586244783,0.5306526038233355
711,2.1373324544056254,0.5306526038233355
712,2.1373324544056254,0.5306526038233355
713,2.137552186332674,0.5306526038233355
714,2.1377719182597232,0.5306526038233355
715,2.137991650186772,0.5306526038233355
716,2.141727092946605,0.5306526038233355
717,2.143484948362997,0.5306526038233355
718,2.144363876071193,0.5308723357503845
719,2.144363876071193,0.5308723357503845
720,2.14502307185234,0.5308723357503845
721,2.145462535706438,0.5308723357503845
722,2.1463414634146343,0.5308723357503845
723,2.1470006591957813,0.5308723357503845
724,2.14722039112283,0.5308723357503845
725,2.147879586903977,0.5308723357503845
726,2.147879586903977,0.5308723357503845
727,2.147879586903977,0.5308723357503845
728,2.1480993188310262,0.5308723357503845
729,2.148319050758075,0.5308723357503845
730,2.148319050758075,0.5308723357503845
731,2.148538782685124,0.5308723357503845
732,2.148538782685124,0.5308723357503845
733,2.149197978466271,0.5308723357503845
734,2.152933421226104,0.5310920676774336
735,2.154032080861349,0.5310920676774336
736,2.158426719402329,0.5319709953856295
737,2.168754119973632,0.5332893869479236
738,2.174027686222808,0.5343880465831685
739,2.1878707976268954,0.5352669742913645
740,2.202812568666227,0.5370248297077566
741,2.215557020435069,0.5398813447593935
742,2.216655680070314,0.5398813447593935
743,2.217754339705559,0.5398813447593935
744,2.218413535486706,0.5398813447593935
745,2.2192924631949023,0.5398813447593935
746,2.2195121951219514,0.5398813447593935
747,2.2195121951219514,0.5398813447593935
748,2.22632388486047,0.5403208086134915
749,2.2315974511096464,0.5409800043946386
750,2.2419248516809493,0.5418589321028345
751,2.2443419028784883,0.5420786640298836
752,2.2509338606899583,0.5422983959569325
753,2.258624478136673,0.5433970555921775
754,2.2590639419907714,0.5433970555921775
755,2.2595034058448693,0.5433970555921775
756,2.259942869698967,0.5433970555921775
757,2.259942869698967,0.5433970555921775
758,2.2601626016260163,0.5433970555921775
759,2.2601626016260163,0.5433970555921775
760,2.2601626016260163,0.5433970555921775
761,2.2601626016260163,0.5433970555921775
762,2.2669742913645354,0.5440562513733245
763,2.2814765985497694,0.5460338387167656
764,2.281696330476818,0.5460338387167656
765,2.2819160624038672,0.5460338387167656
766,2.282355526257965,0.5460338387167656
767,2.283014722039112,0.5460338387167656
768,2.283673917820259,0.5460338387167656
769,2.284113381674357,0.5460338387167656
770,2.284113381674357,0.5460338387167656
771,2.2843331136014062,0.5460338387167656
772,2.284772577455504,0.5460338387167656
773,2.284772577455504,0.5460338387167656
774,2.2880685563612393,0.5460338387167656
775,2.2887277521423863,0.5460338387167656
776,2.2887277521423863,0.5460338387167656
777,2.2887277521423863,0.5460338387167656
778,2.289167215996484,0.5460338387167656
779,2.291584267194023,0.5460338387167656
780,2.2955394418809054,0.5462535706438145
781,2.2955394418809054,0.5462535706438145
782,2.295759173807954,0.5464733025708636
783,2.2986156888595914,0.5466930344979126
784,2.3003735442759834,0.5466930344979126
785,2.300593276203032,0.5466930344979126
786,2.300593276203032,0.5466930344979126
787,2.3010327400571304,0.5466930344979126
788,2.306745770160404,0.5473522302790595
789,2.31641397495056,0.5482311579872555
790,2.3179520984399034,0.5484508899143046
791,2.3179520984399034,0.5484508899143046
792,2.3179520984399034,0.5484508899143046
793,2.3210283454185894,0.5486706218413535
794,2.3212480773456385,0.5486706218413535
795,2.325642715886618,0.5491100856954516
796,2.3284992309382555,0.5493298176225005
797,2.3366293122390682,0.5495495495495495
798,2.348055372445616,0.5504284772577456
799,2.3539881344759395,0.5506482091847946
800,2.354867062184135,0.5506482091847946
801,2.362118215776752,0.5510876730388925
802,2.3658536585365852,0.5510876730388925
803,2.3726653482751043,0.5513074049659415
804,2.3742034717644476,0.5513074049659415
805,2.375521863326741,0.5513074049659415
806,2.3794770380136234,0.5513074049659415
807,2.3843111404087014,0.5515271368929906
808,2.385849263898044,0.5515271368929906
809,2.390683366293122,0.5519666007470885
810,2.4111184355086794,0.5532849923093826
811,2.4117776312898265,0.5532849923093826
812,2.4130960228521205,0.5532849923093826
813,2.4192485168094926,0.5537244561634805
814,2.4243023511316193,0.5537244561634805
815,2.4423203691496376,0.5552625796528236
816,2.4445176884201274,0.5552625796528236
817,2.4537464293561855,0.5554823115798726
818,2.4592397275324105,0.5557020435069215
819,2.4620962425840474,0.5559217754339705
820,2.4653922214897825,0.5561415073610196
821,2.4715447154471546,0.5561415073610196
822,2.4805537244561635,0.5568007031421666
823,2.4812129202373105,0.5568007031421666
824,2.4853878268512415,0.5570204350692156
825,2.4935179081520547,0.5572401669962646
826,2.4963744232036915,0.5574598989233135
827,2.5007690617446716,0.5576796308503625
828,2.5045045045045047,0.5576796308503625
829,2.5069215557020437,0.5576796308503625
830,2.5088991430454843,0.5578993627774116
831,2.5168094924192483,0.5585585585585586
832,2.5238409140848166,0.5585585585585586
833,2.5453746429356183,0.5614150736101955
834,2.5618545374642934,0.5622940013183916
835,2.5728411338167434,0.5631729290265876
836,2.5741595253790375,0.5631729290265876
837,2.5741595253790375,0.5631729290265876
838,2.574598989233136,0.5631729290265876
839,2.574598989233136,0.5631729290265876
840,2.574598989233136,0.5631729290265876
841,2.574598989233136,0.5631729290265876
842,2.5748187211601845,0.5631729290265876
843,2.5748187211601845,0.5631729290265876
844,2.5748187211601845,0.5631729290265876
845,2.5750384530872337,0.5631729290265876
846,2.5750384530872337,0.5631729290265876
847,2.5772357723577235,0.5631729290265876
848,2.5816304108987036,0.5636123928806855
849,2.5847066578773896,0.5638321248077346
850,2.5941551307404964,0.5651505163700286
851,2.6016260162601625,0.5658097121511756
852,2.6044825313117994,0.5662491760052736
853,2.6047022632388486,0.5664689079323226
854,2.6079982421445838,0.5675675675675675
855,2.6112942210503185,0.5680070314216656
856,2.6159085915183478,0.5680070314216656
857,2.6185453746429355,0.5684464952757635
858,2.6218413535486707,0.5684464952757635
859,2.6282135794330914,0.5684464952757635
860,2.6370028565150516,0.5691056910569106
861,2.6486486486486487,0.5693254229839595
862,2.660953636563393,0.5699846187651065
863,2.6800703142166555,0.5724016699626455
864,2.6862228081740276,0.5728411338167436
865,2.6886398593715666,0.5728411338167436
866,2.6895187870797628,0.5728411338167436
867,2.69017798286091,0.5728411338167436
868,2.6906174467150077,0.5728411338167436
869,2.691496374423204,0.5728411338167436
870,2.6917161063502526,0.5728411338167436
871,2.6919358382773018,0.5728411338167436
872,2.6919358382773018,0.5728411338167436
873,2.6921555702043505,0.5728411338167436
874,2.6928147659854975,0.5730608657437926
875,2.693254229839596,0.5730608657437926
876,2.693913425620743,0.5730608657437926
877,2.6941331575477916,0.5730608657437926
878,2.695012085255988,0.5730608657437926
879,2.6978686003076247,0.5732805976708415
880,2.7088551966600747,0.5737200615249396
881,2.713249835201055,0.5739397934519885
882,2.715227422544496,0.5739397934519885
883,2.7172050098879366,0.5739397934519885
884,2.7209404526477696,0.5743792573060866
885,2.727971874313338,0.5743792573060866
886,2.7295099978026807,0.5743792573060866
887,2.7435728411338167,0.5759173807954296
888,2.765106569984619,0.5776752362118216
889,2.7763128982641176,0.5787738958470665
890,2.7855416392001757,0.5792133597011646
891,2.8048780487804876,0.5796528235552626
892,2.8196000878927707,0.5800922874093606
893,2.822236871017359,0.5800922874093606
894,2.831905075807515,0.5803120193364095
895,2.8389364974730826,0.5803120193364095
896,2.839375961327181,0.5803120193364095
897,2.840035157108328,0.5803120193364095
898,2.849703361898484,0.5803120193364095
899,2.8639859371566687,0.5807514831905076
900,2.866622720281257,0.5807514831905076
901,2.867721379916502,0.5807514831905076
902,2.867941111843551,0.5807514831905076
903,2.867941111843551,0.5807514831905076
904,2.8688200395517467,0.5807514831905076
905,2.869039771478796,0.5807514831905076
906,2.869698967259943,0.5807514831905076
907,2.87035816304109,0.5807514831905076
908,2.870577894968139,0.5807514831905076
909,2.870577894968139,0.5807514831905076
910,2.870577894968139,0.5807514831905076
911,2.872994946165678,0.5807514831905076
912,2.8767303889255107,0.5811909470446055
913,2.878927708196001,0.5811909470446055
914,2.879586903977148,0.5811909470446055
915,2.880246099758295,0.5811909470446055
916,2.88134475939354,0.5811909470446055
917,2.8822236871017357,0.5814106789716547
918,2.883102614809932,0.5816304108987036
919,2.88354207866403,0.5816304108987036
920,2.883981542518128,0.5816304108987036
921,2.884201274445177,0.5816304108987036
922,2.884201274445177,0.5816304108987036
923,2.884201274445177,0.5816304108987036
924,2.884201274445177,0.5816304108987036
925,2.884421006372226,0.5816304108987036
926,2.8846407382992747,0.5816304108987036
927,2.885080202153373,0.5816304108987036
928,2.8852999340804217,0.5816304108987036
929,2.885519666007471,0.5816304108987036
930,2.88573939793452,0.5816304108987036
931,2.8859591298615688,0.5816304108987036
932,2.886178861788618,0.5816304108987036
933,2.886618325642716,0.5816304108987036
934,2.886838057569765,0.5816304108987036
935,2.887497253350912,0.5816304108987036
936,2.888156449132059,0.5816304108987036
937,2.888815644913206,0.5816304108987036
938,2.889035376840255,0.5816304108987036
939,2.889255108767304,0.5816304108987036
940,2.8894748406943527,0.5816304108987036
941,2.8901340364754997,0.5816304108987036
942,2.8925510876730387,0.5816304108987036
943,2.895187870797627,0.5820698747528016
944,2.895407602724676,0.5820698747528016
945,2.895847066578774,0.5820698747528016
946,2.89672599428697,0.5820698747528016
947,2.897824653922215,0.5820698747528016
948,2.898483849703362,0.5820698747528016
949,2.89892331355746,0.5820698747528016
950,2.899143045484509,0.5820698747528016
951,2.899143045484509,0.5820698747528016
952,2.899362777411558,0.5820698747528016
953,2.899582509338607,0.5820698747528016
954,2.899802241265656,0.5820698747528016
955,2.900681168973852,0.5822896066798506
956,2.9011206328279497,0.5822896066798506
957,2.911008569545155,0.5829488024609976
958,2.929246319490222,0.5840474620962426
959,2.929466051417271,0.5840474620962426
960,2.930784442979565,0.5840474620962426
961,2.9321028345418587,0.5840474620962426
962,2.933640958031202,0.5847066578773896
963,2.933860689958251,0.5847066578773896
964,2.933860689958251,0.5847066578773896
965,2.933860689958251,0.5847066578773896
966,2.940232915842672,0.5847066578773896
967,2.946385409800044,0.5851461217314876
968,2.947923533289387,0.5851461217314876
969,2.948143265216436,0.5851461217314876
970,2.949022192924632,0.5851461217314876
971,2.949022192924632,0.5851461217314876
972,2.94946165677873,0.5853658536585367
973,2.949681388705779,0.5853658536585367
974,2.949681388705779,0.5853658536585367
975,2.950120852559877,0.5853658536585367
976,2.951439244122171,0.5853658536585367
977,2.957591738079543,0.5855855855855856
978,2.960228521204131,0.5860250494396836
979,2.9619863766205228,0.5864645132937816
980,2.963524500109866,0.5866842452208305
981,2.966600747088552,0.5866842452208305
982,2.972094045264777,0.5866842452208305
983,2.9723137771918258,0.5866842452208305
984,2.972753241045924,0.5866842452208305
985,2.973192704900022,0.5866842452208305
986,2.973412436827071,0.5866842452208305
987,2.97582948802461,0.5866842452208305
988,2.977807075368051,0.5869039771478796
989,2.978246539222149,0.5869039771478796
990,2.979125466930345,0.5869039771478796
991,2.980004394638541,0.5869039771478796
992,2.9802241265655898,0.5869039771478796
993,2.980663590419688,0.5869039771478796
994,2.981322786200835,0.5869039771478796
995,2.981981981981982,0.5869039771478796
996,2.982201713909031,0.5869039771478796
997,2.99121072291804,0.5873434410019776
998,2.992309382553285,0.5873434410019776
999,2.992968578334432,0.5873434410019776
1000,2.998901340364755,0.5877829048560756
1001,3.00878927708196,0.5880026367831246
1002,3.012304987914744,0.5884421006372226
1003,3.014722039112283,0.5884421006372226
1004,3.0219731927049,0.5888815644913206
1005,3.022192924631949,0.5888815644913206
1006,3.022192924631949,0.5888815644913206
1007,3.023731048121292,0.5888815644913206
1008,3.026148099318831,0.5891012964183696
1009,3.029444078224566,0.5891012964183696
1010,3.033618984838497,0.5893210283454187
1011,3.044605581190947,0.5899802241265656
1012,3.04614370468029,0.5899802241265656
1013,3.0465831685343883,0.5899802241265656
1014,3.046802900461437,0.5899802241265656
1015,3.047462096242584,0.5899802241265656
1016,3.048121292023731,0.5899802241265656
1017,3.053175126345858,0.5899802241265656
1018,3.053175126345858,0.5899802241265656
1019,3.064161722698308,0.5906394199077125
1020,3.065699846187651,0.5908591518347616
1021,3.066359041968798,0.5908591518347616
1022,3.066798505822896,0.5908591518347616
1023,3.066798505822896,0.5908591518347616
1024,3.072950999780268,0.5908591518347616
1025,3.078883761810591,0.5910788837618106
1026,3.081960008789277,0.5910788837618106
1027,3.084157328059767,0.5910788837618106
1028,3.093166337068776,0.5910788837618106
1029,3.102175346077785,0.5915183476159086
1030,3.103933201494177,0.5915183476159086
1031,3.104812129202373,0.5915183476159086
1032,3.105251593056471,0.5915183476159086
1033,3.10547132498352,0.5915183476159086
1034,3.1061305207646672,0.5915183476159086
1035,3.11426060206548,0.5917380795429577
1036,3.1153592617007253,0.5917380795429577
1037,3.11645792133597,0.5917380795429577
1038,3.1171171171171173,0.5917380795429577
1039,3.117556580971215,0.5917380795429577
1040,3.1177763128982643,0.5917380795429577
1041,3.118215776752362,0.5917380795429577
1042,3.1184355086794113,0.5917380795429577
1043,3.11865524060646,0.5917380795429577
1044,3.1232696110744893,0.5921775433970555
1045,3.127883981542518,0.5923972753241046
1046,3.14722039112283,0.5943748626675456
1047,3.166776532630191,0.5965721819380356
1048,3.167215996484289,0.5965721819380356
1049,3.167875192265436,0.5965721819380356
1050,3.168754119973632,0.5965721819380356
1051,3.16919358382773,0.5965721819380356
1052,3.1700725115359263,0.5965721819380356
1053,3.170511975390024,0.5965721819380356
1054,3.171171171171171,0.5965721819380356
1055,3.1713909030982204,0.5965721819380356
1056,3.1713909030982204,0.5965721819380356
1057,3.176664469347396,0.5970116457921336
1058,3.1786420566908373,0.5972313777191827
1059,3.178861788617886,0.5972313777191827
1060,3.179520984399033,0.5972313777191827
1061,3.1797407163260822,0.5972313777191827
1062,3.1797407163260822,0.5972313777191827
1063,3.1799604482531314,0.5972313777191827
1064,3.1834761590859153,0.5974511096462316
1065,3.188090529553944,0.5978905735003296
1066,3.189848384970336,0.5978905735003296
1067,3.1913865084596793,0.5978905735003296
1068,3.1938035596572183,0.5978905735003296
1069,3.199077125906394,0.5983300373544276
1070,3.2058888156449132,0.5985497692814765
1071,3.2261041529334213,0.5994286969896726
1072,3.2272028125686663,0.5996484289167217
1073,3.228081740276862,0.5996484289167217
1074,3.2291803999121074,0.5996484289167217
1075,3.229400131839156,0.5996484289167217
1076,3.2302790595473523,0.5996484289167217
1077,3.23071852340145,0.5996484289167217
1078,3.2320369149637442,0.5996484289167217
1079,3.2329158426719404,0.5996484289167217
1080,3.233794770380136,0.5996484289167217
1081,3.23731048121292,0.5996484289167217
1082,3.2395078004834104,0.6003076246978686
1083,3.2443419028784883,0.6005273566249176
1084,3.2478576137112722,0.6011865524060647
1085,3.2480773456383214,0.6011865524060647
1086,3.248956273346517,0.6011865524060647
1087,3.2515930564711053,0.6014062843331136
1088,3.2518127883981545,0.6014062843331136
1089,3.260602065480114,0.6016260162601625
1090,3.2649967040210943,0.6022852120413096
1091,3.2652164359481435,0.6022852120413096
1092,3.2652164359481435,0.6022852120413096
1093,3.265436167875192,0.6022852120413096
1094,3.265436167875192,0.6022852120413096
1095,3.2656558998022414,0.6022852120413096
1096,3.2660953636563392,0.6022852120413096
1097,3.2669742913645354,0.6025049439683585
1098,3.2674137552186333,0.6025049439683585
1099,3.2724675895407604,0.6029444078224566
1100,3.2770819600087893,0.6029444078224566
1101,3.279938475060426,0.6036036036036037
1102,3.284113381674357,0.6036036036036037
1103,3.2924631949022194,0.6042627993847506
1104,3.2953197099538563,0.6042627993847506
1105,3.3014722039112283,0.6047022632388486
1106,3.30542737859811,0.6047022632388486
1107,3.3069655020874533,0.6047022632388486
1108,3.308503625576796,0.6047022632388486
1109,3.3186112942210504,0.6053614590199956
1110,3.3197099538562953,0.6053614590199956
1111,3.320149417710393,0.6053614590199956
1112,3.32080861349154,0.6053614590199956
1113,3.3210283454185894,0.6053614590199956
1114,3.3271808393759614,0.6058009228740936
1115,3.3276203032300593,0.6058009228740936
1116,3.3339925291144805,0.6058009228740936
1117,3.3388266315095585,0.6060206548011426
1118,3.3421226104152932,0.6062403867281916
1119,3.3443199296857835,0.6062403867281916
1120,3.3502526917161064,0.6064601186552406
1121,3.3513513513513513,0.6064601186552406
1122,3.3522302790595475,0.6064601186552406
1123,3.3524500109865962,0.6064601186552406
1124,3.3603603603603602,0.6071193144363876
1125,3.3678312458800264,0.6075587782904857
1126,3.3739837398373984,0.6077785102175346
1127,3.3788178422324764,0.6082179740716326
1128,3.3825532849923095,0.6082179740716326
1129,3.4043067457701603,0.6088771698527796
1130,3.4049659415513074,0.6088771698527796
1131,3.4089211162381896,0.6090969017798287
1132,3.4089211162381896,0.6090969017798287
1133,3.4163920017578553,0.6097560975609756
1134,3.4181498571742472,0.6097560975609756
1135,3.4181498571742472,0.6097560975609756
1136,3.4194682487365413,0.6097560975609756
1137,3.4258404746209625,0.6097560975609756
1138,3.4295759173807956,0.6099758294880246
1139,3.4361678751922655,0.6101955614150736
1140,3.4392441221709515,0.6101955614150736
1141,3.4416611733684905,0.6101955614150736
1142,3.4482531311799605,0.6101955614150736
1143,3.4528675016479893,0.6101955614150736
1144,3.4680290046143702,0.6117336849044166
1145,3.4708855196660076,0.6117336849044166
1146,3.4757196220610855,0.6119534168314655
1147,3.4783564051856737,0.6121731487585146
1148,3.4801142606020656,0.6121731487585146
1149,3.4831905075807517,0.6123928806855636
1150,3.4864864864864864,0.6126126126126126
1151,3.4908811250274665,0.6128323445396616
1152,3.4932981762250055,0.6128323445396616
1153,3.4963744232036915,0.6130520764667107
1154,3.5005493298176225,0.6130520764667107
1155,3.5031861129422106,0.6130520764667107
1156,3.5045045045045047,0.6130520764667107
1157,3.5088991430454843,0.6130520764667107
1158,3.5126345858053174,0.6130520764667107
1159,3.5154911008569547,0.6130520764667107
1160,3.5227422544495717,0.6130520764667107
1161,3.5255987695012085,0.6132718083937596
1162,3.5275763568446497,0.6132718083937596
1163,3.5293342122610416,0.6132718083937596
1164,3.5321907273126785,0.6132718083937596
1165,3.5372445616348056,0.6134915403208085
